"GEO_ID","NAME","P001001"
"id","Geographic Area Name","Total"
"8710000US1330002","ZCTA5 30002, Georgia","5861"
"8710000US1330004","ZCTA5 30004, Georgia","53033"
"8710000US1330005","ZCTA5 30005, Georgia","34442"
"8710000US1330008","ZCTA5 30008, Georgia","29822"
"8710000US1330009","ZCTA5 30009, Georgia","13722"
"8710000US1330011","ZCTA5 30011, Georgia","14402"
"8710000US1330012","ZCTA5 30012, Georgia","27258"
"8710000US1330013","ZCTA5 30013, Georgia","25183"
"8710000US1330014","ZCTA5 30014, Georgia","35037"
"8710000US1330016","ZCTA5 30016, Georgia","51140"
"8710000US1330017","ZCTA5 30017, Georgia","20160"
"8710000US1330019","ZCTA5 30019, Georgia","40447"
"8710000US1330021","ZCTA5 30021, Georgia","21989"
"8710000US1330022","ZCTA5 30022, Georgia","64359"
"8710000US1330024","ZCTA5 30024, Georgia","64614"
"8710000US1330025","ZCTA5 30025, Georgia","9270"
"8710000US1330028","ZCTA5 30028, Georgia","22182"
"8710000US1330030","ZCTA5 30030, Georgia","26473"
"8710000US1330032","ZCTA5 30032, Georgia","47222"
"8710000US1330033","ZCTA5 30033, Georgia","30763"
"8710000US1330034","ZCTA5 30034, Georgia","43113"
"8710000US1330035","ZCTA5 30035, Georgia","20396"
"8710000US1330038","ZCTA5 30038, Georgia","37233"
"8710000US1330039","ZCTA5 30039, Georgia","41517"
"8710000US1330040","ZCTA5 30040, Georgia","54653"
"8710000US1330041","ZCTA5 30041, Georgia","52749"
"8710000US1330043","ZCTA5 30043, Georgia","80241"
"8710000US1330044","ZCTA5 30044, Georgia","79701"
"8710000US1330045","ZCTA5 30045, Georgia","34402"
"8710000US1330046","ZCTA5 30046, Georgia","34523"
"8710000US1330047","ZCTA5 30047, Georgia","59660"
"8710000US1330052","ZCTA5 30052, Georgia","59451"
"8710000US1330054","ZCTA5 30054, Georgia","11985"
"8710000US1330055","ZCTA5 30055, Georgia","3018"
"8710000US1330056","ZCTA5 30056, Georgia","2500"
"8710000US1330058","ZCTA5 30058, Georgia","52945"
"8710000US1330060","ZCTA5 30060, Georgia","34562"
"8710000US1330062","ZCTA5 30062, Georgia","62136"
"8710000US1330064","ZCTA5 30064, Georgia","46076"
"8710000US1330066","ZCTA5 30066, Georgia","52936"
"8710000US1330067","ZCTA5 30067, Georgia","45182"
"8710000US1330068","ZCTA5 30068, Georgia","31595"
"8710000US1330070","ZCTA5 30070, Georgia","342"
"8710000US1330071","ZCTA5 30071, Georgia","23005"
"8710000US1330072","ZCTA5 30072, Georgia","730"
"8710000US1330075","ZCTA5 30075, Georgia","52573"
"8710000US1330076","ZCTA5 30076, Georgia","42678"
"8710000US1330078","ZCTA5 30078, Georgia","33057"
"8710000US1330079","ZCTA5 30079, Georgia","2960"
"8710000US1330080","ZCTA5 30080, Georgia","49905"
"8710000US1330082","ZCTA5 30082, Georgia","25905"
"8710000US1330083","ZCTA5 30083, Georgia","50384"
"8710000US1330084","ZCTA5 30084, Georgia","35921"
"8710000US1330087","ZCTA5 30087, Georgia","36761"
"8710000US1330088","ZCTA5 30088, Georgia","25257"
"8710000US1330092","ZCTA5 30092, Georgia","31704"
"8710000US1330093","ZCTA5 30093, Georgia","53351"
"8710000US1330094","ZCTA5 30094, Georgia","31244"
"8710000US1330096","ZCTA5 30096, Georgia","62265"
"8710000US1330097","ZCTA5 30097, Georgia","41715"
"8710000US1330101","ZCTA5 30101, Georgia","54373"
"8710000US1330102","ZCTA5 30102, Georgia","37470"
"8710000US1330103","ZCTA5 30103, Georgia","14781"
"8710000US1330104","ZCTA5 30104, Georgia","4708"
"8710000US1330105","ZCTA5 30105, Georgia","2294"
"8710000US1330106","ZCTA5 30106, Georgia","20300"
"8710000US1330107","ZCTA5 30107, Georgia","12908"
"8710000US1330108","ZCTA5 30108, Georgia","7256"
"8710000US1330110","ZCTA5 30110, Georgia","13349"
"8710000US1330113","ZCTA5 30113, Georgia","6218"
"8710000US1330114","ZCTA5 30114, Georgia","49774"
"8710000US1330115","ZCTA5 30115, Georgia","35672"
"8710000US1330116","ZCTA5 30116, Georgia","23156"
"8710000US1330117","ZCTA5 30117, Georgia","34296"
"8710000US1330118","ZCTA5 30118, Georgia","2373"
"8710000US1330120","ZCTA5 30120, Georgia","38085"
"8710000US1330121","ZCTA5 30121, Georgia","22078"
"8710000US1330122","ZCTA5 30122, Georgia","21561"
"8710000US1330124","ZCTA5 30124, Georgia","2978"
"8710000US1330125","ZCTA5 30125, Georgia","24352"
"8710000US1330126","ZCTA5 30126, Georgia","37088"
"8710000US1330127","ZCTA5 30127, Georgia","60347"
"8710000US1330132","ZCTA5 30132, Georgia","34215"
"8710000US1330134","ZCTA5 30134, Georgia","43356"
"8710000US1330135","ZCTA5 30135, Georgia","61912"
"8710000US1330137","ZCTA5 30137, Georgia","1650"
"8710000US1330139","ZCTA5 30139, Georgia","3845"
"8710000US1330141","ZCTA5 30141, Georgia","22457"
"8710000US1330143","ZCTA5 30143, Georgia","21145"
"8710000US1330144","ZCTA5 30144, Georgia","52252"
"8710000US1330145","ZCTA5 30145, Georgia","8378"
"8710000US1330147","ZCTA5 30147, Georgia","4365"
"8710000US1330148","ZCTA5 30148, Georgia","453"
"8710000US1330149","ZCTA5 30149, Georgia","1569"
"8710000US1330152","ZCTA5 30152, Georgia","40393"
"8710000US1330153","ZCTA5 30153, Georgia","18411"
"8710000US1330157","ZCTA5 30157, Georgia","45123"
"8710000US1330161","ZCTA5 30161, Georgia","35058"
"8710000US1330164","ZCTA5 30164, Georgia","16"
"8710000US1330165","ZCTA5 30165 (part), Georgia","39905"
"8710000US1330168","ZCTA5 30168, Georgia","24241"
"8710000US1330170","ZCTA5 30170, Georgia","2994"
"8710000US1330171","ZCTA5 30171, Georgia","3491"
"8710000US1330173","ZCTA5 30173, Georgia","6221"
"8710000US1330175","ZCTA5 30175, Georgia","6074"
"8710000US1330176","ZCTA5 30176, Georgia","7050"
"8710000US1330177","ZCTA5 30177, Georgia","1049"
"8710000US1330178","ZCTA5 30178, Georgia","3468"
"8710000US1330179","ZCTA5 30179, Georgia","16807"
"8710000US1330180","ZCTA5 30180, Georgia","34274"
"8710000US1330182","ZCTA5 30182, Georgia","2666"
"8710000US1330183","ZCTA5 30183, Georgia","5282"
"8710000US1330184","ZCTA5 30184, Georgia","6847"
"8710000US1330185","ZCTA5 30185, Georgia","3892"
"8710000US1330187","ZCTA5 30187, Georgia","8740"
"8710000US1330188","ZCTA5 30188, Georgia","52380"
"8710000US1330189","ZCTA5 30189, Georgia","36859"
"8710000US1330204","ZCTA5 30204, Georgia","13493"
"8710000US1330205","ZCTA5 30205, Georgia","3061"
"8710000US1330206","ZCTA5 30206, Georgia","2958"
"8710000US1330213","ZCTA5 30213, Georgia","29384"
"8710000US1330214","ZCTA5 30214, Georgia","28913"
"8710000US1330215","ZCTA5 30215, Georgia","33665"
"8710000US1330216","ZCTA5 30216, Georgia","2159"
"8710000US1330217","ZCTA5 30217, Georgia","9433"
"8710000US1330218","ZCTA5 30218, Georgia","1974"
"8710000US1330220","ZCTA5 30220, Georgia","5533"
"8710000US1330222","ZCTA5 30222, Georgia","4042"
"8710000US1330223","ZCTA5 30223, Georgia","36769"
"8710000US1330224","ZCTA5 30224, Georgia","25197"
"8710000US1330228","ZCTA5 30228, Georgia","38569"
"8710000US1330230","ZCTA5 30230, Georgia","9103"
"8710000US1330233","ZCTA5 30233, Georgia","23218"
"8710000US1330234","ZCTA5 30234, Georgia","1934"
"8710000US1330236","ZCTA5 30236, Georgia","46434"
"8710000US1330238","ZCTA5 30238, Georgia","34713"
"8710000US1330240","ZCTA5 30240, Georgia","30014"
"8710000US1330241","ZCTA5 30241, Georgia","23176"
"8710000US1330248","ZCTA5 30248, Georgia","23249"
"8710000US1330250","ZCTA5 30250, Georgia","679"
"8710000US1330251","ZCTA5 30251, Georgia","2342"
"8710000US1330252","ZCTA5 30252, Georgia","41428"
"8710000US1330253","ZCTA5 30253, Georgia","49380"
"8710000US1330256","ZCTA5 30256, Georgia","2826"
"8710000US1330257","ZCTA5 30257, Georgia","4138"
"8710000US1330258","ZCTA5 30258, Georgia","2622"
"8710000US1330259","ZCTA5 30259, Georgia","3041"
"8710000US1330260","ZCTA5 30260, Georgia","23244"
"8710000US1330263","ZCTA5 30263, Georgia","53008"
"8710000US1330265","ZCTA5 30265, Georgia","31713"
"8710000US1330268","ZCTA5 30268, Georgia","9090"
"8710000US1330269","ZCTA5 30269, Georgia","35069"
"8710000US1330273","ZCTA5 30273, Georgia","14709"
"8710000US1330274","ZCTA5 30274, Georgia","31893"
"8710000US1330275","ZCTA5 30275, Georgia","19"
"8710000US1330276","ZCTA5 30276, Georgia","13866"
"8710000US1330277","ZCTA5 30277, Georgia","20270"
"8710000US1330281","ZCTA5 30281, Georgia","66140"
"8710000US1330284","ZCTA5 30284, Georgia","55"
"8710000US1330285","ZCTA5 30285, Georgia","707"
"8710000US1330286","ZCTA5 30286, Georgia","23490"
"8710000US1330288","ZCTA5 30288, Georgia","8929"
"8710000US1330289","ZCTA5 30289, Georgia","82"
"8710000US1330290","ZCTA5 30290, Georgia","8286"
"8710000US1330291","ZCTA5 30291, Georgia","21010"
"8710000US1330292","ZCTA5 30292, Georgia","5943"
"8710000US1330293","ZCTA5 30293, Georgia","2981"
"8710000US1330294","ZCTA5 30294, Georgia","39865"
"8710000US1330295","ZCTA5 30295, Georgia","4159"
"8710000US1330296","ZCTA5 30296, Georgia","25840"
"8710000US1330297","ZCTA5 30297, Georgia","27188"
"8710000US1330303","ZCTA5 30303, Georgia","5934"
"8710000US1330305","ZCTA5 30305, Georgia","22999"
"8710000US1330306","ZCTA5 30306, Georgia","22246"
"8710000US1330307","ZCTA5 30307, Georgia","18004"
"8710000US1330308","ZCTA5 30308, Georgia","15413"
"8710000US1330309","ZCTA5 30309, Georgia","21845"
"8710000US1330310","ZCTA5 30310, Georgia","26912"
"8710000US1330311","ZCTA5 30311, Georgia","32218"
"8710000US1330312","ZCTA5 30312, Georgia","19360"
"8710000US1330313","ZCTA5 30313, Georgia","9495"
"8710000US1330314","ZCTA5 30314, Georgia","22020"
"8710000US1330315","ZCTA5 30315, Georgia","33857"
"8710000US1330316","ZCTA5 30316, Georgia","31110"
"8710000US1330317","ZCTA5 30317, Georgia","11970"
"8710000US1330318","ZCTA5 30318, Georgia","49736"
"8710000US1330319","ZCTA5 30319, Georgia","38423"
"8710000US1330322","ZCTA5 30322, Georgia","2023"
"8710000US1330324","ZCTA5 30324, Georgia","24267"
"8710000US1330326","ZCTA5 30326, Georgia","4802"
"8710000US1330327","ZCTA5 30327, Georgia","22208"
"8710000US1330328","ZCTA5 30328, Georgia","30348"
"8710000US1330329","ZCTA5 30329, Georgia","28539"
"8710000US1330331","ZCTA5 30331, Georgia","54094"
"8710000US1330332","ZCTA5 30332, Georgia","2970"
"8710000US1330334","ZCTA5 30334, Georgia","1"
"8710000US1330336","ZCTA5 30336, Georgia","971"
"8710000US1330337","ZCTA5 30337, Georgia","11505"
"8710000US1330338","ZCTA5 30338, Georgia","33617"
"8710000US1330339","ZCTA5 30339, Georgia","18304"
"8710000US1330340","ZCTA5 30340, Georgia","29394"
"8710000US1330341","ZCTA5 30341, Georgia","31793"
"8710000US1330342","ZCTA5 30342, Georgia","29879"
"8710000US1330344","ZCTA5 30344, Georgia","31776"
"8710000US1330345","ZCTA5 30345, Georgia","23129"
"8710000US1330346","ZCTA5 30346, Georgia","4696"
"8710000US1330349","ZCTA5 30349, Georgia","67602"
"8710000US1330350","ZCTA5 30350, Georgia","34740"
"8710000US1330354","ZCTA5 30354, Georgia","14857"
"8710000US1330360","ZCTA5 30360, Georgia","14536"
"8710000US1330363","ZCTA5 30363, Georgia","2680"
"8710000US1330401","ZCTA5 30401, Georgia","13500"
"8710000US1330410","ZCTA5 30410, Georgia","2168"
"8710000US1330411","ZCTA5 30411, Georgia","4371"
"8710000US1330412","ZCTA5 30412, Georgia","80"
"8710000US1330413","ZCTA5 30413, Georgia","1575"
"8710000US1330415","ZCTA5 30415, Georgia","6780"
"8710000US1330417","ZCTA5 30417, Georgia","11090"
"8710000US1330420","ZCTA5 30420, Georgia","1460"
"8710000US1330421","ZCTA5 30421, Georgia","3381"
"8710000US1330423","ZCTA5 30423, Georgia","120"
"8710000US1330425","ZCTA5 30425, Georgia","1198"
"8710000US1330426","ZCTA5 30426, Georgia","1100"
"8710000US1330427","ZCTA5 30427, Georgia","12864"
"8710000US1330428","ZCTA5 30428, Georgia","2766"
"8710000US1330429","ZCTA5 30429, Georgia","205"
"8710000US1330434","ZCTA5 30434, Georgia","5728"
"8710000US1330436","ZCTA5 30436, Georgia","11961"
"8710000US1330438","ZCTA5 30438, Georgia","74"
"8710000US1330439","ZCTA5 30439, Georgia","10877"
"8710000US1330441","ZCTA5 30441, Georgia","1663"
"8710000US1330442","ZCTA5 30442, Georgia","7698"
"8710000US1330445","ZCTA5 30445, Georgia","3285"
"8710000US1330446","ZCTA5 30446, Georgia","1357"
"8710000US1330448","ZCTA5 30448, Georgia","81"
"8710000US1330449","ZCTA5 30449, Georgia","119"
"8710000US1330450","ZCTA5 30450, Georgia","2583"
"8710000US1330451","ZCTA5 30451, Georgia","33"
"8710000US1330452","ZCTA5 30452, Georgia","1567"
"8710000US1330453","ZCTA5 30453, Georgia","9703"
"8710000US1330454","ZCTA5 30454, Georgia","538"
"8710000US1330455","ZCTA5 30455, Georgia","597"
"8710000US1330456","ZCTA5 30456, Georgia","2119"
"8710000US1330457","ZCTA5 30457, Georgia","6424"
"8710000US1330458","ZCTA5 30458, Georgia","41139"
"8710000US1330460","ZCTA5 30460, Georgia","427"
"8710000US1330461","ZCTA5 30461, Georgia","13390"
"8710000US1330464","ZCTA5 30464, Georgia","78"
"8710000US1330467","ZCTA5 30467, Georgia","12600"
"8710000US1330470","ZCTA5 30470, Georgia","517"
"8710000US1330471","ZCTA5 30471, Georgia","4702"
"8710000US1330473","ZCTA5 30473, Georgia","2972"
"8710000US1330474","ZCTA5 30474, Georgia","16594"
"8710000US1330475","ZCTA5 30475, Georgia","52"
"8710000US1330477","ZCTA5 30477, Georgia","3070"
"8710000US1330501","ZCTA5 30501, Georgia","28048"
"8710000US1330504","ZCTA5 30504, Georgia","22463"
"8710000US1330506","ZCTA5 30506, Georgia","41667"
"8710000US1330507","ZCTA5 30507, Georgia","28399"
"8710000US1330510","ZCTA5 30510, Georgia","8291"
"8710000US1330511","ZCTA5 30511, Georgia","3186"
"8710000US1330512","ZCTA5 30512, Georgia","19490"
"8710000US1330513","ZCTA5 30513, Georgia","11172"
"8710000US1330516","ZCTA5 30516, Georgia","2054"
"8710000US1330517","ZCTA5 30517, Georgia","11963"
"8710000US1330518","ZCTA5 30518, Georgia","45211"
"8710000US1330519","ZCTA5 30519, Georgia","39812"
"8710000US1330520","ZCTA5 30520, Georgia","4426"
"8710000US1330521","ZCTA5 30521, Georgia","4944"
"8710000US1330522","ZCTA5 30522, Georgia","1092"
"8710000US1330523","ZCTA5 30523, Georgia","12904"
"8710000US1330525","ZCTA5 30525, Georgia","7364"
"8710000US1330527","ZCTA5 30527, Georgia","4043"
"8710000US1330528","ZCTA5 30528, Georgia","22679"
"8710000US1330529","ZCTA5 30529, Georgia","10920"
"8710000US1330530","ZCTA5 30530, Georgia","6752"
"8710000US1330531","ZCTA5 30531, Georgia","11279"
"8710000US1330533","ZCTA5 30533, Georgia","25296"
"8710000US1330534","ZCTA5 30534, Georgia","26685"
"8710000US1330535","ZCTA5 30535, Georgia","7042"
"8710000US1330536","ZCTA5 30536, Georgia","8363"
"8710000US1330537","ZCTA5 30537, Georgia","1249"
"8710000US1330538","ZCTA5 30538, Georgia","2854"
"8710000US1330540","ZCTA5 30540, Georgia","17297"
"8710000US1330541","ZCTA5 30541, Georgia","1603"
"8710000US1330542","ZCTA5 30542, Georgia","31946"
"8710000US1330543","ZCTA5 30543, Georgia","4487"
"8710000US1330545","ZCTA5 30545, Georgia","936"
"8710000US1330546","ZCTA5 30546, Georgia","6496"
"8710000US1330547","ZCTA5 30547, Georgia","3268"
"8710000US1330548","ZCTA5 30548, Georgia","15870"
"8710000US1330549","ZCTA5 30549, Georgia","22500"
"8710000US1330552","ZCTA5 30552, Georgia","1697"
"8710000US1330553","ZCTA5 30553, Georgia","7232"
"8710000US1330554","ZCTA5 30554, Georgia","8535"
"8710000US1330555","ZCTA5 30555, Georgia","2061"
"8710000US1330557","ZCTA5 30557, Georgia","4975"
"8710000US1330558","ZCTA5 30558, Georgia","5456"
"8710000US1330559","ZCTA5 30559, Georgia","4333"
"8710000US1330560","ZCTA5 30560, Georgia","4599"
"8710000US1330562","ZCTA5 30562, Georgia","1128"
"8710000US1330563","ZCTA5 30563, Georgia","5373"
"8710000US1330564","ZCTA5 30564, Georgia","4463"
"8710000US1330565","ZCTA5 30565, Georgia","4758"
"8710000US1330566","ZCTA5 30566, Georgia","7906"
"8710000US1330567","ZCTA5 30567, Georgia","2981"
"8710000US1330568","ZCTA5 30568, Georgia","1877"
"8710000US1330571","ZCTA5 30571, Georgia","3682"
"8710000US1330572","ZCTA5 30572, Georgia","1260"
"8710000US1330573","ZCTA5 30573, Georgia","163"
"8710000US1330575","ZCTA5 30575, Georgia","1375"
"8710000US1330576","ZCTA5 30576, Georgia","2521"
"8710000US1330577","ZCTA5 30577, Georgia","22230"
"8710000US1330581","ZCTA5 30581, Georgia","73"
"8710000US1330582","ZCTA5 30582, Georgia","4567"
"8710000US1330601","ZCTA5 30601, Georgia","20835"
"8710000US1330602","ZCTA5 30602, Georgia","2409"
"8710000US1330605","ZCTA5 30605, Georgia","39952"
"8710000US1330606","ZCTA5 30606, Georgia","40225"
"8710000US1330607","ZCTA5 30607, Georgia","10895"
"8710000US1330609","ZCTA5 30609, Georgia","1956"
"8710000US1330619","ZCTA5 30619, Georgia","1440"
"8710000US1330620","ZCTA5 30620, Georgia","12486"
"8710000US1330621","ZCTA5 30621, Georgia","5109"
"8710000US1330622","ZCTA5 30622, Georgia","10344"
"8710000US1330623","ZCTA5 30623, Georgia","154"
"8710000US1330624","ZCTA5 30624, Georgia","2611"
"8710000US1330625","ZCTA5 30625, Georgia","2438"
"8710000US1330627","ZCTA5 30627, Georgia","2273"
"8710000US1330628","ZCTA5 30628, Georgia","6556"
"8710000US1330629","ZCTA5 30629, Georgia","4531"
"8710000US1330630","ZCTA5 30630, Georgia","2438"
"8710000US1330631","ZCTA5 30631, Georgia","1767"
"8710000US1330633","ZCTA5 30633, Georgia","8474"
"8710000US1330634","ZCTA5 30634, Georgia","2281"
"8710000US1330635","ZCTA5 30635, Georgia","16109"
"8710000US1330641","ZCTA5 30641, Georgia","1810"
"8710000US1330642","ZCTA5 30642, Georgia","11001"
"8710000US1330643","ZCTA5 30643, Georgia","16382"
"8710000US1330646","ZCTA5 30646, Georgia","6946"
"8710000US1330648","ZCTA5 30648, Georgia","2988"
"8710000US1330650","ZCTA5 30650, Georgia","11708"
"8710000US1330655","ZCTA5 30655, Georgia","24136"
"8710000US1330656","ZCTA5 30656, Georgia","15133"
"8710000US1330660","ZCTA5 30660, Georgia","1191"
"8710000US1330662","ZCTA5 30662, Georgia","8537"
"8710000US1330663","ZCTA5 30663, Georgia","3032"
"8710000US1330664","ZCTA5 30664, Georgia","38"
"8710000US1330665","ZCTA5 30665, Georgia","80"
"8710000US1330666","ZCTA5 30666, Georgia","8659"
"8710000US1330667","ZCTA5 30667, Georgia","1035"
"8710000US1330668","ZCTA5 30668, Georgia","1924"
"8710000US1330669","ZCTA5 30669, Georgia","3313"
"8710000US1330673","ZCTA5 30673, Georgia","7897"
"8710000US1330677","ZCTA5 30677, Georgia","17065"
"8710000US1330678","ZCTA5 30678, Georgia","1294"
"8710000US1330680","ZCTA5 30680, Georgia","37837"
"8710000US1330683","ZCTA5 30683, Georgia","6749"
"8710000US1330701","ZCTA5 30701, Georgia","40053"
"8710000US1330705","ZCTA5 30705, Georgia","33566"
"8710000US1330707","ZCTA5 30707, Georgia","16483"
"8710000US1330708","ZCTA5 30708, Georgia","293"
"8710000US1330710","ZCTA5 30710, Georgia","6661"
"8710000US1330711","ZCTA5 30711, Georgia","3569"
"8710000US1330720","ZCTA5 30720, Georgia","26895"
"8710000US1330721","ZCTA5 30721, Georgia","53601"
"8710000US1330725","ZCTA5 30725, Georgia","4647"
"8710000US1330726","ZCTA5 30726, Georgia","56"
"8710000US1330728","ZCTA5 30728, Georgia","19612"
"8710000US1330730","ZCTA5 30730, Georgia","1993"
"8710000US1330731","ZCTA5 30731, Georgia","2428"
"8710000US1330733","ZCTA5 30733, Georgia","2080"
"8710000US1330734","ZCTA5 30734, Georgia","3466"
"8710000US1330735","ZCTA5 30735, Georgia","6153"
"8710000US1330736","ZCTA5 30736, Georgia","41029"
"8710000US1330738","ZCTA5 30738, Georgia","3799"
"8710000US1330739","ZCTA5 30739, Georgia","5571"
"8710000US1330740","ZCTA5 30740, Georgia","8600"
"8710000US1330741","ZCTA5 30741, Georgia","29290"
"8710000US1330742","ZCTA5 30742, Georgia","7460"
"8710000US1330746","ZCTA5 30746, Georgia","1223"
"8710000US1330747","ZCTA5 30747, Georgia","16859"
"8710000US1330750","ZCTA5 30750, Georgia","4125"
"8710000US1330751","ZCTA5 30751, Georgia","91"
"8710000US1330752","ZCTA5 30752, Georgia","9800"
"8710000US1330753","ZCTA5 30753, Georgia","6697"
"8710000US1330755","ZCTA5 30755, Georgia","9590"
"8710000US1330756","ZCTA5 30756, Georgia","74"
"8710000US1330757","ZCTA5 30757, Georgia","1787"
"8710000US1330802","ZCTA5 30802, Georgia","6321"
"8710000US1330803","ZCTA5 30803, Georgia","741"
"8710000US1330805","ZCTA5 30805, Georgia","2734"
"8710000US1330807","ZCTA5 30807, Georgia","92"
"8710000US1330808","ZCTA5 30808, Georgia","4615"
"8710000US1330809","ZCTA5 30809, Georgia","38168"
"8710000US1330810","ZCTA5 30810, Georgia","2138"
"8710000US1330812","ZCTA5 30812, Georgia","363"
"8710000US1330813","ZCTA5 30813, Georgia","30415"
"8710000US1330814","ZCTA5 30814, Georgia","8150"
"8710000US1330815","ZCTA5 30815, Georgia","39640"
"8710000US1330816","ZCTA5 30816, Georgia","2109"
"8710000US1330817","ZCTA5 30817, Georgia","7676"
"8710000US1330818","ZCTA5 30818, Georgia","555"
"8710000US1330820","ZCTA5 30820, Georgia","1205"
"8710000US1330821","ZCTA5 30821, Georgia","882"
"8710000US1330822","ZCTA5 30822, Georgia","526"
"8710000US1330823","ZCTA5 30823, Georgia","1800"
"8710000US1330824","ZCTA5 30824, Georgia","17201"
"8710000US1330828","ZCTA5 30828, Georgia","4368"
"8710000US1330830","ZCTA5 30830, Georgia","13966"
"8710000US1330833","ZCTA5 30833, Georgia","4043"
"8710000US1330901","ZCTA5 30901, Georgia","16445"
"8710000US1330903","ZCTA5 30903, Georgia","585"
"8710000US1330904","ZCTA5 30904, Georgia","25666"
"8710000US1330905","ZCTA5 30905, Georgia","8955"
"8710000US1330906","ZCTA5 30906, Georgia","57748"
"8710000US1330907","ZCTA5 30907, Georgia","50913"
"8710000US1330909","ZCTA5 30909, Georgia","41585"
"8710000US1330912","ZCTA5 30912, Georgia","296"
"8710000US1331001","ZCTA5 31001, Georgia","4816"
"8710000US1331002","ZCTA5 31002, Georgia","2910"
"8710000US1331003","ZCTA5 31003, Georgia","112"
"8710000US1331005","ZCTA5 31005, Georgia","15102"
"8710000US1331006","ZCTA5 31006, Georgia","4923"
"8710000US1331007","ZCTA5 31007, Georgia","1117"
"8710000US1331008","ZCTA5 31008, Georgia","18453"
"8710000US1331009","ZCTA5 31009, Georgia","1477"
"8710000US1331011","ZCTA5 31011, Georgia","923"
"8710000US1331012","ZCTA5 31012, Georgia","2683"
"8710000US1331014","ZCTA5 31014, Georgia","13756"
"8710000US1331015","ZCTA5 31015, Georgia","21938"
"8710000US1331016","ZCTA5 31016, Georgia","1517"
"8710000US1331017","ZCTA5 31017, Georgia","1985"
"8710000US1331018","ZCTA5 31018, Georgia","2837"
"8710000US1331019","ZCTA5 31019, Georgia","2318"
"8710000US1331020","ZCTA5 31020, Georgia","2541"
"8710000US1331021","ZCTA5 31021, Georgia","28549"
"8710000US1331022","ZCTA5 31022, Georgia","1424"
"8710000US1331023","ZCTA5 31023, Georgia","15383"
"8710000US1331024","ZCTA5 31024, Georgia","20039"
"8710000US1331025","ZCTA5 31025, Georgia","1226"
"8710000US1331027","ZCTA5 31027, Georgia","10012"
"8710000US1331028","ZCTA5 31028, Georgia","5912"
"8710000US1331029","ZCTA5 31029, Georgia","16287"
"8710000US1331030","ZCTA5 31030, Georgia","18977"
"8710000US1331031","ZCTA5 31031, Georgia","6576"
"8710000US1331032","ZCTA5 31032, Georgia","13993"
"8710000US1331033","ZCTA5 31033, Georgia","2660"
"8710000US1331035","ZCTA5 31035, Georgia","1364"
"8710000US1331036","ZCTA5 31036, Georgia","12998"
"8710000US1331037","ZCTA5 31037, Georgia","4313"
"8710000US1331038","ZCTA5 31038, Georgia","761"
"8710000US1331039","ZCTA5 31039, Georgia","74"
"8710000US1331041","ZCTA5 31041, Georgia","988"
"8710000US1331042","ZCTA5 31042, Georgia","1841"
"8710000US1331044","ZCTA5 31044, Georgia","2911"
"8710000US1331045","ZCTA5 31045, Georgia","73"
"8710000US1331046","ZCTA5 31046, Georgia","3343"
"8710000US1331047","ZCTA5 31047, Georgia","11193"
"8710000US1331049","ZCTA5 31049, Georgia","1806"
"8710000US1331050","ZCTA5 31050, Georgia","965"
"8710000US1331051","ZCTA5 31051, Georgia","187"
"8710000US1331052","ZCTA5 31052, Georgia","8652"
"8710000US1331054","ZCTA5 31054, Georgia","1671"
"8710000US1331055","ZCTA5 31055, Georgia","8245"
"8710000US1331057","ZCTA5 31057, Georgia","2182"
"8710000US1331058","ZCTA5 31058, Georgia","2123"
"8710000US1331060","ZCTA5 31060, Georgia","1915"
"8710000US1331061","ZCTA5 31061, Georgia","43755"
"8710000US1331062","ZCTA5 31062, Georgia","495"
"8710000US1331063","ZCTA5 31063, Georgia","5666"
"8710000US1331064","ZCTA5 31064, Georgia","9450"
"8710000US1331065","ZCTA5 31065, Georgia","1118"
"8710000US1331066","ZCTA5 31066, Georgia","1147"
"8710000US1331067","ZCTA5 31067, Georgia","222"
"8710000US1331068","ZCTA5 31068, Georgia","5425"
"8710000US1331069","ZCTA5 31069, Georgia","18948"
"8710000US1331070","ZCTA5 31070, Georgia","998"
"8710000US1331071","ZCTA5 31071, Georgia","1199"
"8710000US1331072","ZCTA5 31072, Georgia","1326"
"8710000US1331075","ZCTA5 31075, Georgia","2496"
"8710000US1331076","ZCTA5 31076, Georgia","3064"
"8710000US1331077","ZCTA5 31077, Georgia","1275"
"8710000US1331078","ZCTA5 31078, Georgia","3566"
"8710000US1331079","ZCTA5 31079, Georgia","2398"
"8710000US1331081","ZCTA5 31081, Georgia","251"
"8710000US1331082","ZCTA5 31082, Georgia","10408"
"8710000US1331083","ZCTA5 31083, Georgia","362"
"8710000US1331084","ZCTA5 31084, Georgia","129"
"8710000US1331085","ZCTA5 31085, Georgia","1043"
"8710000US1331087","ZCTA5 31087, Georgia","9656"
"8710000US1331088","ZCTA5 31088, Georgia","50163"
"8710000US1331089","ZCTA5 31089, Georgia","4838"
"8710000US1331090","ZCTA5 31090, Georgia","1038"
"8710000US1331091","ZCTA5 31091, Georgia","5189"
"8710000US1331092","ZCTA5 31092, Georgia","7420"
"8710000US1331093","ZCTA5 31093, Georgia","28087"
"8710000US1331094","ZCTA5 31094, Georgia","1114"
"8710000US1331096","ZCTA5 31096, Georgia","7395"
"8710000US1331097","ZCTA5 31097, Georgia","1302"
"8710000US1331098","ZCTA5 31098, Georgia","2888"
"8710000US1331201","ZCTA5 31201, Georgia","8761"
"8710000US1331204","ZCTA5 31204, Georgia","31482"
"8710000US1331206","ZCTA5 31206, Georgia","29072"
"8710000US1331207","ZCTA5 31207, Georgia","974"
"8710000US1331210","ZCTA5 31210, Georgia","30968"
"8710000US1331211","ZCTA5 31211, Georgia","16282"
"8710000US1331213","ZCTA5 31213, Georgia","0"
"8710000US1331216","ZCTA5 31216, Georgia","16109"
"8710000US1331217","ZCTA5 31217, Georgia","18408"
"8710000US1331220","ZCTA5 31220, Georgia","13839"
"8710000US1331301","ZCTA5 31301, Georgia","4591"
"8710000US1331302","ZCTA5 31302, Georgia","7853"
"8710000US1331303","ZCTA5 31303, Georgia","1999"
"8710000US1331304","ZCTA5 31304, Georgia","132"
"8710000US1331305","ZCTA5 31305, Georgia","5989"
"8710000US1331307","ZCTA5 31307, Georgia","998"
"8710000US1331308","ZCTA5 31308, Georgia","7305"
"8710000US1331309","ZCTA5 31309, Georgia","1210"
"8710000US1331312","ZCTA5 31312, Georgia","16443"
"8710000US1331313","ZCTA5 31313, Georgia","40302"
"8710000US1331314","ZCTA5 31314, Georgia","1931"
"8710000US1331315","ZCTA5 31315, Georgia","7488"
"8710000US1331316","ZCTA5 31316, Georgia","9749"
"8710000US1331318","ZCTA5 31318, Georgia","341"
"8710000US1331320","ZCTA5 31320, Georgia","8794"
"8710000US1331321","ZCTA5 31321, Georgia","6326"
"8710000US1331322","ZCTA5 31322, Georgia","21137"
"8710000US1331323","ZCTA5 31323, Georgia","1762"
"8710000US1331324","ZCTA5 31324, Georgia","20495"
"8710000US1331326","ZCTA5 31326, Georgia","19269"
"8710000US1331327","ZCTA5 31327, Georgia","195"
"8710000US1331328","ZCTA5 31328, Georgia","3306"
"8710000US1331329","ZCTA5 31329, Georgia","9034"
"8710000US1331331","ZCTA5 31331, Georgia","7856"
"8710000US1331401","ZCTA5 31401, Georgia","21696"
"8710000US1331404","ZCTA5 31404, Georgia","31024"
"8710000US1331405","ZCTA5 31405, Georgia","37207"
"8710000US1331406","ZCTA5 31406, Georgia","33965"
"8710000US1331407","ZCTA5 31407, Georgia","7244"
"8710000US1331408","ZCTA5 31408, Georgia","9952"
"8710000US1331409","ZCTA5 31409, Georgia","652"
"8710000US1331410","ZCTA5 31410, Georgia","23654"
"8710000US1331411","ZCTA5 31411, Georgia","8384"
"8710000US1331415","ZCTA5 31415, Georgia","12091"
"8710000US1331419","ZCTA5 31419, Georgia","50954"
"8710000US1331501","ZCTA5 31501, Georgia","15576"
"8710000US1331503","ZCTA5 31503, Georgia","21116"
"8710000US1331510","ZCTA5 31510, Georgia","9848"
"8710000US1331512","ZCTA5 31512, Georgia","2248"
"8710000US1331513","ZCTA5 31513, Georgia","16084"
"8710000US1331516","ZCTA5 31516, Georgia","14735"
"8710000US1331518","ZCTA5 31518, Georgia","704"
"8710000US1331519","ZCTA5 31519, Georgia","3569"
"8710000US1331520","ZCTA5 31520, Georgia","22336"
"8710000US1331522","ZCTA5 31522, Georgia","14447"
"8710000US1331523","ZCTA5 31523, Georgia","13229"
"8710000US1331524","ZCTA5 31524, Georgia","0"
"8710000US1331525","ZCTA5 31525, Georgia","28247"
"8710000US1331527","ZCTA5 31527, Georgia","805"
"8710000US1331532","ZCTA5 31532, Georgia","727"
"8710000US1331533","ZCTA5 31533, Georgia","17494"
"8710000US1331535","ZCTA5 31535, Georgia","11264"
"8710000US1331537","ZCTA5 31537, Georgia","10097"
"8710000US1331539","ZCTA5 31539, Georgia","14468"
"8710000US1331542","ZCTA5 31542, Georgia","2811"
"8710000US1331543","ZCTA5 31543, Georgia","4796"
"8710000US1331544","ZCTA5 31544, Georgia","994"
"8710000US1331545","ZCTA5 31545, Georgia","16133"
"8710000US1331546","ZCTA5 31546, Georgia","8095"
"8710000US1331547","ZCTA5 31547, Georgia","1293"
"8710000US1331548","ZCTA5 31548, Georgia","20020"
"8710000US1331549","ZCTA5 31549, Georgia","2239"
"8710000US1331550","ZCTA5 31550, Georgia","780"
"8710000US1331551","ZCTA5 31551, Georgia","1020"
"8710000US1331552","ZCTA5 31552, Georgia","932"
"8710000US1331553","ZCTA5 31553, Georgia","5237"
"8710000US1331554","ZCTA5 31554, Georgia","7076"
"8710000US1331555","ZCTA5 31555, Georgia","2868"
"8710000US1331556","ZCTA5 31556, Georgia","67"
"8710000US1331557","ZCTA5 31557, Georgia","3043"
"8710000US1331558","ZCTA5 31558, Georgia","20373"
"8710000US1331560","ZCTA5 31560, Georgia","2842"
"8710000US1331561","ZCTA5 31561, Georgia","298"
"8710000US1331562","ZCTA5 31562, Georgia","2177"
"8710000US1331563","ZCTA5 31563, Georgia","1324"
"8710000US1331565","ZCTA5 31565, Georgia","1841"
"8710000US1331566","ZCTA5 31566, Georgia","3471"
"8710000US1331567","ZCTA5 31567, Georgia","782"
"8710000US1331568","ZCTA5 31568, Georgia","1273"
"8710000US1331569","ZCTA5 31569, Georgia","5580"
"8710000US1331601","ZCTA5 31601, Georgia","32730"
"8710000US1331602","ZCTA5 31602, Georgia","34702"
"8710000US1331605","ZCTA5 31605, Georgia","20188"
"8710000US1331606","ZCTA5 31606, Georgia","3861"
"8710000US1331620","ZCTA5 31620, Georgia","10690"
"8710000US1331622","ZCTA5 31622, Georgia","2178"
"8710000US1331623","ZCTA5 31623, Georgia","120"
"8710000US1331624","ZCTA5 31624, Georgia","1273"
"8710000US1331625","ZCTA5 31625, Georgia","1171"
"8710000US1331626","ZCTA5 31626, Georgia","3463"
"8710000US1331627","ZCTA5 31627, Georgia","239"
"8710000US1331629","ZCTA5 31629, Georgia","902"
"8710000US1331630","ZCTA5 31630, Georgia","419"
"8710000US1331631","ZCTA5 31631, Georgia","559"
"8710000US1331632","ZCTA5 31632, Georgia","10295"
"8710000US1331634","ZCTA5 31634, Georgia","5844"
"8710000US1331635","ZCTA5 31635, Georgia","6560"
"8710000US1331636","ZCTA5 31636, Georgia","9539"
"8710000US1331637","ZCTA5 31637, Georgia","2848"
"8710000US1331638","ZCTA5 31638, Georgia","1045"
"8710000US1331639","ZCTA5 31639, Georgia","10537"
"8710000US1331641","ZCTA5 31641, Georgia","1831"
"8710000US1331642","ZCTA5 31642, Georgia","4898"
"8710000US1331643","ZCTA5 31643, Georgia","8709"
"8710000US1331645","ZCTA5 31645, Georgia","5147"
"8710000US1331647","ZCTA5 31647, Georgia","3535"
"8710000US1331648","ZCTA5 31648, Georgia","1040"
"8710000US1331649","ZCTA5 31649, Georgia","1056"
"8710000US1331650","ZCTA5 31650, Georgia","3311"
"8710000US1331698","ZCTA5 31698, Georgia","2223"
"8710000US1331699","ZCTA5 31699, Georgia","621"
"8710000US1331701","ZCTA5 31701, Georgia","20552"
"8710000US1331705","ZCTA5 31705, Georgia","35565"
"8710000US1331707","ZCTA5 31707, Georgia","25299"
"8710000US1331709","ZCTA5 31709, Georgia","16019"
"8710000US1331711","ZCTA5 31711, Georgia","867"
"8710000US1331712","ZCTA5 31712, Georgia","1263"
"8710000US1331714","ZCTA5 31714, Georgia","6474"
"8710000US1331716","ZCTA5 31716, Georgia","2896"
"8710000US1331719","ZCTA5 31719, Georgia","10977"
"8710000US1331720","ZCTA5 31720, Georgia","455"
"8710000US1331721","ZCTA5 31721, Georgia","20095"
"8710000US1331722","ZCTA5 31722, Georgia","494"
"8710000US1331730","ZCTA5 31730, Georgia","9682"
"8710000US1331733","ZCTA5 31733, Georgia","1580"
"8710000US1331735","ZCTA5 31735, Georgia","817"
"8710000US1331738","ZCTA5 31738, Georgia","2102"
"8710000US1331743","ZCTA5 31743, Georgia","630"
"8710000US1331744","ZCTA5 31744, Georgia","3202"
"8710000US1331747","ZCTA5 31747, Georgia","281"
"8710000US1331749","ZCTA5 31749, Georgia","2783"
"8710000US1331750","ZCTA5 31750, Georgia","18687"
"8710000US1331756","ZCTA5 31756, Georgia","966"
"8710000US1331757","ZCTA5 31757, Georgia","10451"
"8710000US1331763","ZCTA5 31763, Georgia","23304"
"8710000US1331764","ZCTA5 31764, Georgia","1296"
"8710000US1331765","ZCTA5 31765, Georgia","2647"
"8710000US1331768","ZCTA5 31768, Georgia","23617"
"8710000US1331771","ZCTA5 31771, Georgia","5666"
"8710000US1331772","ZCTA5 31772, Georgia","482"
"8710000US1331773","ZCTA5 31773, Georgia","3729"
"8710000US1331774","ZCTA5 31774, Georgia","6714"
"8710000US1331775","ZCTA5 31775, Georgia","2979"
"8710000US1331778","ZCTA5 31778, Georgia","2562"
"8710000US1331779","ZCTA5 31779, Georgia","9927"
"8710000US1331780","ZCTA5 31780, Georgia","2285"
"8710000US1331781","ZCTA5 31781, Georgia","1752"
"8710000US1331783","ZCTA5 31783, Georgia","1107"
"8710000US1331784","ZCTA5 31784, Georgia","781"
"8710000US1331787","ZCTA5 31787, Georgia","1488"
"8710000US1331788","ZCTA5 31788, Georgia","10602"
"8710000US1331789","ZCTA5 31789, Georgia","1236"
"8710000US1331790","ZCTA5 31790, Georgia","2078"
"8710000US1331791","ZCTA5 31791, Georgia","12354"
"8710000US1331792","ZCTA5 31792, Georgia","23835"
"8710000US1331793","ZCTA5 31793, Georgia","9043"
"8710000US1331794","ZCTA5 31794, Georgia","27153"
"8710000US1331795","ZCTA5 31795, Georgia","2010"
"8710000US1331796","ZCTA5 31796, Georgia","1112"
"8710000US1331798","ZCTA5 31798, Georgia","983"
"8710000US1331801","ZCTA5 31801, Georgia","3008"
"8710000US1331803","ZCTA5 31803, Georgia","5662"
"8710000US1331804","ZCTA5 31804, Georgia","5934"
"8710000US1331805","ZCTA5 31805, Georgia","3191"
"8710000US1331806","ZCTA5 31806, Georgia","4962"
"8710000US1331807","ZCTA5 31807, Georgia","2483"
"8710000US1331808","ZCTA5 31808, Georgia","6679"
"8710000US1331810","ZCTA5 31810, Georgia","225"
"8710000US1331811","ZCTA5 31811, Georgia","5103"
"8710000US1331812","ZCTA5 31812, Georgia","565"
"8710000US1331814","ZCTA5 31814, Georgia","272"
"8710000US1331815","ZCTA5 31815, Georgia","3675"
"8710000US1331816","ZCTA5 31816, Georgia","6091"
"8710000US1331820","ZCTA5 31820, Georgia","8473"
"8710000US1331821","ZCTA5 31821, Georgia","250"
"8710000US1331822","ZCTA5 31822, Georgia","5429"
"8710000US1331823","ZCTA5 31823, Georgia","754"
"8710000US1331824","ZCTA5 31824, Georgia","1838"
"8710000US1331825","ZCTA5 31825, Georgia","2312"
"8710000US1331826","ZCTA5 31826, Georgia","2350"
"8710000US1331827","ZCTA5 31827, Georgia","2134"
"8710000US1331829","ZCTA5 31829, Georgia","1370"
"8710000US1331830","ZCTA5 31830, Georgia","2191"
"8710000US1331831","ZCTA5 31831, Georgia","3095"
"8710000US1331832","ZCTA5 31832, Georgia","217"
"8710000US1331833","ZCTA5 31833, Georgia","6900"
"8710000US1331836","ZCTA5 31836, Georgia","1154"
"8710000US1331901","ZCTA5 31901, Georgia","8638"
"8710000US1331903","ZCTA5 31903, Georgia","20128"
"8710000US1331904","ZCTA5 31904, Georgia","32871"
"8710000US1331905","ZCTA5 31905 (part), Georgia","16035"
"8710000US1331906","ZCTA5 31906, Georgia","21757"
"8710000US1331907","ZCTA5 31907, Georgia","55332"
"8710000US1331909","ZCTA5 31909, Georgia","35177"
"8710000US1339813","ZCTA5 39813, Georgia","2110"
"8710000US1339815","ZCTA5 39815, Georgia","1686"
"8710000US1339817","ZCTA5 39817, Georgia","10894"
"8710000US1339819","ZCTA5 39819, Georgia","11282"
"8710000US1339823","ZCTA5 39823, Georgia","8550"
"8710000US1339824","ZCTA5 39824, Georgia","544"
"8710000US1339825","ZCTA5 39825, Georgia","1461"
"8710000US1339826","ZCTA5 39826, Georgia","418"
"8710000US1339827","ZCTA5 39827, Georgia","3842"
"8710000US1339828","ZCTA5 39828, Georgia","15150"
"8710000US1339834","ZCTA5 39834, Georgia","2138"
"8710000US1339836","ZCTA5 39836, Georgia","461"
"8710000US1339837","ZCTA5 39837, Georgia","6166"
"8710000US1339840","ZCTA5 39840, Georgia","5726"
"8710000US1339841","ZCTA5 39841, Georgia","878"
"8710000US1339842","ZCTA5 39842, Georgia","8357"
"8710000US1339845","ZCTA5 39845, Georgia","7871"
"8710000US1339846","ZCTA5 39846, Georgia","2440"
"8710000US1339851","ZCTA5 39851, Georgia","2388"
"8710000US1339854","ZCTA5 39854, Georgia","2592"
"8710000US1339859","ZCTA5 39859, Georgia","1281"
"8710000US1339861","ZCTA5 39861, Georgia","1003"
"8710000US1339862","ZCTA5 39862, Georgia","1326"
"8710000US1339866","ZCTA5 39866, Georgia","2122"
"8710000US1339867","ZCTA5 39867, Georgia","321"
"8710000US1339870","ZCTA5 39870, Georgia","2238"
"8710000US1339877","ZCTA5 39877, Georgia","500"
"8710000US1339885","ZCTA5 39885, Georgia","76"
"8710000US1339886","ZCTA5 39886, Georgia","1616"
"8710000US1339897","ZCTA5 39897, Georgia","3430"
